antecedents,consequents,antecedent support,consequent support,support,confidence,lift,representativity,leverage,conviction,zhangs_metric,jaccard,certainty,kulczynski,rule_category
frozenset({'Diagnosis_Closed fracture of orbital floor (blow-out)'}),frozenset({'Procedure_Other open reduction of facial fracture'}),0.0007892659826361,0.0006314127861089,0.0006314127861089,0.7999999999999999,1267.0,1.0,0.0006309144334758,4.996842936069454,1.0,0.7999999999999999,0.7998736376559784,0.8999999999999999,procedure
frozenset({'Diagnosis_Malignant neoplasm of ovary'}),"frozenset({'Procedure_Other and unspecified total abdominal hysterectomy', 'Procedure_Excision or destruction of peritoneal tissue'})",0.0007892659826361,0.0007892659826361,0.0007892659826361,1.0,1267.0,1.0,0.0007886430418448,inf,1.0000000000000002,1.0,1.0,1.0,procedure
frozenset({'Diagnosis_Malignant neoplasm of ovary'}),"frozenset({'Procedure_Excision or destruction of peritoneal tissue', 'Procedure_Other removal of both ovaries and tubes at same operative episode'})",0.0007892659826361,0.0007892659826361,0.0007892659826361,1.0,1267.0,1.0,0.0007886430418448,inf,1.0000000000000002,1.0,1.0,1.0,procedure
frozenset({'Diagnosis_Malignant neoplasm of ovary'}),"frozenset({'Procedure_Other and unspecified total abdominal hysterectomy', 'Procedure_Other removal of both ovaries and tubes at same operative episode', 'Procedure_Excision or destruction of peritoneal tissue'})",0.0007892659826361,0.0007892659826361,0.0007892659826361,1.0,1267.0,1.0,0.0007886430418448,inf,1.0000000000000002,1.0,1.0,1.0,procedure
frozenset({'Diagnosis_Encounter for attention to ileostomy'}),"frozenset({'Procedure_Excision of Ileum, Open Approach'})",0.0009471191791633,0.0006314127861089,0.0006314127861089,0.6666666666666666,1055.8333333333333,1.0,0.0006308147629492,2.998105761641673,0.9999999999999998,0.6666666666666666,0.6664560627599642,0.8333333333333333,procedure
frozenset({'Diagnosis_Malignant neoplasm of ovary'}),frozenset({'Procedure_Other removal of both ovaries and tubes at same operative episode'}),0.0007892659826361,0.0009471191791633,0.0007892659826361,1.0,1055.8333333333333,1.0,0.0007885184536865,inf,0.9998420221169037,0.8333333333333333,1.0,0.9166666666666666,procedure
frozenset({'Diagnosis_Malignant neoplasm of ovary'}),"frozenset({'Procedure_Other and unspecified total abdominal hysterectomy', 'Procedure_Other removal of both ovaries and tubes at same operative episode'})",0.0007892659826361,0.0009471191791633,0.0007892659826361,1.0,1055.8333333333333,1.0,0.0007885184536865,inf,0.9998420221169037,0.8333333333333333,1.0,0.9166666666666666,procedure
frozenset({'Diagnosis_Occlusion and stenosis of right carotid artery'}),"frozenset({'Procedure_Extirpation of Matter from Right Internal Carotid Artery, Open Approach'})",0.0009471191791633,0.0006314127861089,0.0006314127861089,0.6666666666666666,1055.8333333333333,1.0,0.0006308147629492,2.998105761641673,0.9999999999999998,0.6666666666666666,0.6664560627599642,0.8333333333333333,procedure
"frozenset({'Diagnosis_Unilateral primary osteoarthritis, right hip'})","frozenset({'Procedure_Replacement of Right Hip Joint with Ceramic on Polyethylene Synthetic Substitute, Uncemented, Open Approach'})",0.0011049723756906,0.0006314127861089,0.0006314127861089,0.5714285714285714,905.0,1.0,0.0006307150924226,2.3318600368324125,1.0,0.5714285714285714,0.5711577949770968,0.7857142857142857,procedure
frozenset({'Diagnosis_Morbid (severe) obesity due to excess calories'}),"frozenset({'Procedure_Excision of Stomach, Percutaneous Endoscopic Approach, Vertical'})",0.0011049723756906,0.0011049723756906,0.0011049723756906,1.0,905.0,1.0,0.0011037514117395,inf,1.0,1.0,1.0,1.0,procedure
"frozenset({'Diagnosis_Other spondylosis with myelopathy, cervical region'})","frozenset({'Procedure_Excision of Cervical Vertebral Disc, Open Approach'})",0.0007892659826361,0.0009471191791633,0.0006314127861089,0.7999999999999999,844.6666666666665,1.0,0.0006306652571593,4.995264404104182,0.9996050552922592,0.5714285714285714,0.7998103965871385,0.7333333333333333,procedure
frozenset({'Diagnosis_Abdominal aneurysm without mention of rupture'}),frozenset({'Procedure_Endovascular implantation of other graft in abdominal aorta'}),0.0012628255722178,0.0009471191791633,0.0009471191791633,0.7500000000000001,791.8750000000001,1.0,0.0009459231328439,3.996211523283349,1.0,0.7500000000000002,0.7497629957339234,0.875,procedure
frozenset({'Diagnosis_Malignant neoplasm of ovary'}),frozenset({'Procedure_Other and unspecified total abdominal hysterectomy'}),0.0007892659826361,0.0012628255722178,0.0007892659826361,1.0,791.875,1.0,0.0007882692773699,inf,0.999526066350711,0.6250000000000001,1.0,0.8125,procedure
frozenset({'Diagnosis_Malignant neoplasm of ovary'}),frozenset({'Procedure_Excision or destruction of peritoneal tissue'}),0.0007892659826361,0.0012628255722178,0.0007892659826361,1.0,791.875,1.0,0.0007882692773699,inf,0.999526066350711,0.6250000000000001,1.0,0.8125,procedure
frozenset({'Diagnosis_Attention to ileostomy'}),frozenset({'Procedure_Closure of stoma of small intestine'}),0.0011049723756906,0.0012628255722178,0.0011049723756906,1.0,791.875,1.0,0.0011035769883179,inf,0.9998419721871048,0.8750000000000003,1.0,0.9375,procedure
frozenset({'Diagnosis_Lumbosacral spondylosis without myelopathy'}),"frozenset({'Procedure_Lumbar and lumbosacral fusion of the posterior column, posterior technique', 'Procedure_Excision of intervertebral disc', 'Procedure_Insertion of interbody spinal fusion device'})",0.0012628255722178,0.0006314127861089,0.0006314127861089,0.5,791.875,1.0,0.0006306154218959,1.9987371744277824,1.0,0.5,0.4996840941399463,0.75,procedure
frozenset({'Diagnosis_Lumbosacral spondylosis without myelopathy'}),"frozenset({'Procedure_Lumbar and lumbosacral fusion of the posterior column, posterior technique', 'Procedure_Excision of intervertebral disc'})",0.0012628255722178,0.0006314127861089,0.0006314127861089,0.5,791.875,1.0,0.0006306154218959,1.9987371744277824,1.0,0.5,0.4996840941399463,0.75,procedure
frozenset({'Diagnosis_Abdominal aneurysm without mention of rupture'}),"frozenset({'Procedure_Arteriography of other intra-abdominal arteries', 'Procedure_Endovascular implantation of other graft in abdominal aorta'})",0.0012628255722178,0.0006314127861089,0.0006314127861089,0.5,791.875,1.0,0.0006306154218959,1.9987371744277824,1.0,0.5,0.4996840941399463,0.75,procedure
frozenset({'Diagnosis_Displacement of cervical intervertebral disc without myelopathy'}),"frozenset({'Procedure_Fusion or refusion of 2-3 vertebrae', 'Procedure_Other cervical fusion of the anterior column, anterior technique', 'Procedure_Excision of intervertebral disc'})",0.0009471191791633,0.0011049723756906,0.0007892659826361,0.8333333333333333,754.1666666666665,1.0,0.0007882194421066,5.993370165745854,0.9996207931742772,0.6249999999999999,0.8331489675516224,0.7738095238095237,procedure
frozenset({'Diagnosis_Pericardial effusion (noninflammatory)'}),"frozenset({'Procedure_Drainage of Pericardial Cavity with Drainage Device, Percutaneous Approach'})",0.0011049723756906,0.0007892659826361,0.0006314127861089,0.5714285714285714,724.0,1.0,0.000630540669001,2.331491712707182,0.9997234513274336,0.4999999999999999,0.5710900473933649,0.6857142857142857,procedure
"frozenset({'Diagnosis_Unilateral primary osteoarthritis, left knee'})","frozenset({'Procedure_Replacement of Left Knee Joint with Synthetic Substitute, Cemented, Open Approach'})",0.001420678768745,0.0009471191791633,0.0009471191791633,0.6666666666666667,703.8888888888889,1.0,0.000945773627054,2.9971586424625105,1.0,0.6666666666666669,0.6663506609785643,0.8333333333333334,procedure
frozenset({'Diagnosis_Displacement of cervical intervertebral disc without myelopathy'}),"frozenset({'Procedure_Excision of intervertebral disc', 'Procedure_Other cervical fusion of the anterior column, anterior technique'})",0.0009471191791633,0.001420678768745,0.0009471191791633,1.0,703.8888888888889,1.0,0.000945773627054,inf,0.9995259914678464,0.6666666666666669,1.0,0.8333333333333334,procedure
frozenset({'Diagnosis_Encounter for antineoplastic immunotherapy'}),frozenset({'Procedure_High-dose infusion interleukin-2 [IL-2]'}),0.0011049723756906,0.0012628255722178,0.0009471191791633,0.8571428571428571,678.75,1.0,0.0009457237917907,6.991160220994473,0.9996312684365782,0.6666666666666669,0.8569622253832779,0.8035714285714286,procedure
frozenset({'Diagnosis_Encounter for antineoplastic immunotherapy'}),"frozenset({'Procedure_Venous catheterization, not elsewhere classified', 'Procedure_High-dose infusion interleukin-2 [IL-2]'})",0.0011049723756906,0.0012628255722178,0.0009471191791633,0.8571428571428571,678.75,1.0,0.0009457237917907,6.991160220994473,0.9996312684365782,0.6666666666666669,0.8569622253832779,0.8035714285714286,procedure
frozenset({'Diagnosis_Displacement of cervical intervertebral disc without myelopathy'}),"frozenset({'Procedure_Fusion or refusion of 2-3 vertebrae', 'Procedure_Other cervical fusion of the anterior column, anterior technique'})",0.0009471191791633,0.0012628255722178,0.0007892659826361,0.8333333333333333,659.8958333333334,1.0,0.0007880699363167,5.992423046566691,0.9994311897614158,0.5555555555555557,0.8331225962804909,0.7291666666666666,procedure
frozenset({'Diagnosis_Lumbosacral spondylosis without myelopathy'}),"frozenset({'Procedure_Lumbar and lumbosacral fusion of the posterior column, posterior technique', 'Procedure_Insertion of interbody spinal fusion device'})",0.0012628255722178,0.0009471191791633,0.0007892659826361,0.625,659.8958333333333,1.0,0.0007880699363167,2.664141015522231,0.9997471155365892,0.5555555555555557,0.6246444936008848,0.7291666666666666,procedure
"frozenset({'Diagnosis_Spinal stenosis, cervical region'})","frozenset({'Procedure_Release Cervical Spinal Cord, Open Approach'})",0.0012628255722178,0.0007892659826361,0.0006314127861089,0.5,633.5,1.0,0.0006304160808427,1.998421468034728,0.9996838944207366,0.4444444444444445,0.4996050552922591,0.6499999999999999,procedure
frozenset({'Diagnosis_Hypertrophy (benign) of prostate with urinary obstruction and other lower urinary tract symptoms (LUTS)'}),frozenset({'Procedure_Other transurethral prostatectomy'}),0.0015785319652722,0.0007892659826361,0.0007892659826361,0.5,633.5,1.0,0.0007880201010534,1.998421468034728,1.0,0.5000000000000001,0.4996050552922591,0.75,procedure
frozenset({'Diagnosis_Displacement of cervical intervertebral disc without myelopathy'}),"frozenset({'Procedure_Other cervical fusion of the anterior column, anterior technique'})",0.0009471191791633,0.0015785319652722,0.0009471191791633,1.0,633.5,1.0,0.0009456241212641,inf,0.9993679886237952,0.6000000000000001,1.0,0.8,procedure
frozenset({'Diagnosis_Lumbosacral spondylosis without myelopathy'}),"frozenset({'Procedure_Lumbar and lumbosacral fusion of the posterior column, posterior technique', 'Procedure_Insertion of catheter into spinal canal for infusion of therapeutic or palliative substances', 'Procedure_Insertion of interbody spinal fusion device'})",0.0012628255722178,0.0007892659826361,0.0006314127861089,0.5,633.5,1.0,0.0006304160808427,1.998421468034728,0.9996838944207366,0.4444444444444445,0.4996050552922591,0.6499999999999999,procedure
frozenset({'Diagnosis_Lumbosacral spondylosis without myelopathy'}),"frozenset({'Procedure_Insertion of catheter into spinal canal for infusion of therapeutic or palliative substances', 'Procedure_Lumbar and lumbosacral fusion of the anterior column, anterior technique'})",0.0012628255722178,0.0007892659826361,0.0006314127861089,0.5,633.5,1.0,0.0006304160808427,1.998421468034728,0.9996838944207366,0.4444444444444445,0.4996050552922591,0.6499999999999999,procedure
frozenset({'Diagnosis_Lumbosacral spondylosis without myelopathy'}),"frozenset({'Procedure_Lumbar and lumbosacral fusion of the posterior column, posterior technique', 'Procedure_Insertion of interbody spinal fusion device', 'Procedure_Lumbar and lumbosacral fusion of the anterior column, anterior technique'})",0.0012628255722178,0.0007892659826361,0.0006314127861089,0.5,633.5,1.0,0.0006304160808427,1.998421468034728,0.9996838944207366,0.4444444444444445,0.4996050552922591,0.6499999999999999,procedure
frozenset({'Diagnosis_Lumbosacral spondylosis without myelopathy'}),"frozenset({'Procedure_Lumbar and lumbosacral fusion of the posterior column, posterior technique', 'Procedure_Lumbar and lumbosacral fusion of the anterior column, anterior technique'})",0.0012628255722178,0.0007892659826361,0.0006314127861089,0.5,633.5,1.0,0.0006304160808427,1.998421468034728,0.9996838944207366,0.4444444444444445,0.4996050552922591,0.6499999999999999,procedure
frozenset({'Diagnosis_Lumbosacral spondylosis without myelopathy'}),"frozenset({'Procedure_Insertion of catheter into spinal canal for infusion of therapeutic or palliative substances', 'Procedure_Insertion of interbody spinal fusion device', 'Procedure_Lumbar and lumbosacral fusion of the anterior column, anterior technique'})",0.0012628255722178,0.0007892659826361,0.0006314127861089,0.5,633.5,1.0,0.0006304160808427,1.998421468034728,0.9996838944207366,0.4444444444444445,0.4996050552922591,0.6499999999999999,procedure
frozenset({'Diagnosis_Lumbosacral spondylosis without myelopathy'}),"frozenset({'Procedure_Lumbar and lumbosacral fusion of the posterior column, posterior technique', 'Procedure_Insertion of catheter into spinal canal for infusion of therapeutic or palliative substances', 'Procedure_Lumbar and lumbosacral fusion of the anterior column, anterior technique'})",0.0012628255722178,0.0007892659826361,0.0006314127861089,0.5,633.5,1.0,0.0006304160808427,1.998421468034728,0.9996838944207366,0.4444444444444445,0.4996050552922591,0.6499999999999999,procedure
frozenset({'Diagnosis_Lumbosacral spondylosis without myelopathy'}),"frozenset({'Procedure_Lumbar and lumbosacral fusion of the posterior column, posterior technique', 'Procedure_Insertion of catheter into spinal canal for infusion of therapeutic or palliative substances'})",0.0012628255722178,0.0007892659826361,0.0006314127861089,0.5,633.5,1.0,0.0006304160808427,1.998421468034728,0.9996838944207366,0.4444444444444445,0.4996050552922591,0.6499999999999999,procedure
frozenset({'Diagnosis_Lumbosacral spondylosis without myelopathy'}),"frozenset({'Procedure_Insertion of catheter into spinal canal for infusion of therapeutic or palliative substances', 'Procedure_Insertion of interbody spinal fusion device'})",0.0012628255722178,0.0007892659826361,0.0006314127861089,0.5,633.5,1.0,0.0006304160808427,1.998421468034728,0.9996838944207366,0.4444444444444445,0.4996050552922591,0.6499999999999999,procedure
"frozenset({'Diagnosis_Unilateral primary osteoarthritis, right knee'})","frozenset({'Procedure_Replacement of Right Knee Joint with Synthetic Substitute, Cemented, Open Approach'})",0.001420678768745,0.001420678768745,0.0012628255722178,0.8888888888888888,625.679012345679,1.0,0.0012608072440538,8.987213891081291,0.999822162503952,0.7999999999999999,0.8887308111146239,0.8888888888888888,procedure
frozenset({'Diagnosis_Infection and inflammatory reaction due to internal joint prosthesis'}),frozenset({'Procedure_Insertion or replacement of (cement) spacer'}),0.0009471191791633,0.0011049723756906,0.0006314127861089,0.6666666666666666,603.3333333333333,1.0,0.0006303662455794,2.996685082872928,0.9992889872017696,0.4444444444444443,0.6662979351032448,0.6190476190476191,procedure
frozenset({'Diagnosis_Mitral valve disorders'}),frozenset({'Procedure_Open heart valvuloplasty of mitral valve without replacement'}),0.0012628255722178,0.0012628255722178,0.0009471191791633,0.7500000000000001,593.9062500000001,1.0,0.0009455244507375,3.9949486977111306,0.9995785258943154,0.6000000000000001,0.7496838944207367,0.7500000000000001,procedure
frozenset({'Diagnosis_Mitral valve disorders'}),"frozenset({'Procedure_Extracorporeal circulation auxiliary to open heart surgery', 'Procedure_Open heart valvuloplasty of mitral valve without replacement'})",0.0012628255722178,0.0012628255722178,0.0009471191791633,0.7500000000000001,593.9062500000001,1.0,0.0009455244507375,3.9949486977111306,0.9995785258943154,0.6000000000000001,0.7496838944207367,0.7500000000000001,procedure
"frozenset({'Diagnosis_Osteoarthrosis, localized, not specified whether primary or secondary, pelvic region and thigh'})",frozenset({'Procedure_Total hip replacement'}),0.0017363851617995,0.0017363851617995,0.0017363851617995,1.0,575.9090909090909,1.0,0.0017333701283694,inf,1.0,1.0,1.0,1.0,procedure
"frozenset({'Diagnosis_Chronic or unspecified duodenal ulcer with hemorrhage, without mention of obstruction'})",frozenset({'Procedure_Endoscopic control of gastric or duodenal bleeding'}),0.0007892659826361,0.0015785319652722,0.0006314127861089,0.7999999999999999,506.8,1.0,0.0006301669045262,4.9921073401736376,0.9988151658767772,0.3636363636363636,0.7996837944664031,0.6,procedure
frozenset({'Diagnosis_Closed fracture of unspecified part of neck of femur'}),frozenset({'Procedure_Partial hip replacement'}),0.0011049723756906,0.001420678768745,0.0007892659826361,0.7142857142857142,502.7777777777777,1.0,0.0007876961718419,3.495027624309391,0.9991150442477876,0.4545454545454546,0.7138792285804615,0.6349206349206349,procedure
frozenset({'Diagnosis_Incisional hernia without obstruction or gangrene'}),"frozenset({'Procedure_Supplement Abdominal Wall with Synthetic Substitute, Open Approach'})",0.0012628255722178,0.0012628255722178,0.0007892659826361,0.625,494.92187500000006,1.0,0.0007876712542103,2.663299131807419,0.9992413466097676,0.4545454545454546,0.6245258416311048,0.625,procedure
frozenset({'Diagnosis_Lumbosacral spondylosis without myelopathy'}),"frozenset({'Procedure_Lumbar and lumbosacral fusion of the posterior column, posterior technique'})",0.0012628255722178,0.0012628255722178,0.0007892659826361,0.625,494.92187500000006,1.0,0.0007876712542103,2.663299131807419,0.9992413466097676,0.4545454545454546,0.6245258416311048,0.625,procedure
frozenset({'Diagnosis_Displacement of cervical intervertebral disc without myelopathy'}),"frozenset({'Procedure_Excision of intervertebral disc', 'Procedure_Fusion or refusion of 2-3 vertebrae'})",0.0009471191791633,0.0017363851617995,0.0007892659826361,0.8333333333333333,479.9242424242424,1.0,0.0007876214189469,5.9895816890292,0.9988623795228314,0.4166666666666667,0.8330434324267341,0.6439393939393939,procedure
frozenset({'Diagnosis_Malignant neoplasm of prostate'}),frozenset({'Procedure_Radical prostatectomy'}),0.0022099447513812,0.0012628255722178,0.0012628255722178,0.5714285714285714,452.5,1.0,0.0012600347974726,2.3303867403314915,1.0000000000000002,0.5714285714285714,0.570886676149834,0.7857142857142857,procedure
frozenset({'Diagnosis_Lumbosacral spondylosis without myelopathy'}),"frozenset({'Procedure_Lumbar and lumbosacral fusion of the anterior column, anterior technique'})",0.0012628255722178,0.0011049723756906,0.0006314127861089,0.5,452.5,1.0,0.0006300173987363,1.9977900552486187,0.9990516832622096,0.3636363636363636,0.4994469026548672,0.5357142857142857,procedure
frozenset({'Diagnosis_Lumbosacral spondylosis without myelopathy'}),"frozenset({'Procedure_Insertion of interbody spinal fusion device', 'Procedure_Lumbar and lumbosacral fusion of the anterior column, anterior technique'})",0.0012628255722178,0.0011049723756906,0.0006314127861089,0.5,452.5,1.0,0.0006300173987363,1.9977900552486187,0.9990516832622096,0.3636363636363636,0.4994469026548672,0.5357142857142857,procedure
"frozenset({'Diagnosis_Other mechanical complication of other internal orthopedic device, implant, and graft'})","frozenset({'Procedure_Removal of implanted devices from bone, other bones'})",0.001420678768745,0.0012628255722178,0.0007892659826361,0.5555555555555556,439.9305555555556,1.0,0.000787471913157,2.24715864246251,0.9991463800189692,0.4166666666666667,0.5549935900813094,0.5902777777777778,procedure
"frozenset({'Diagnosis_Mechanical complication due to other implant and internal device, not elsewhere classified'})",frozenset({'Procedure_Other cholangiogram'}),0.0009471191791633,0.0015785319652722,0.0006314127861089,0.6666666666666666,422.3333333333333,1.0,0.0006299177282096,2.995264404104183,0.9985779744035392,0.3333333333333333,0.6661396574440053,0.5333333333333333,procedure
frozenset({'Diagnosis_Incisional hernia without mention of obstruction or gangrene'}),frozenset({'Procedure_Other open incisional hernia repair with graft or prosthesis'}),0.0017363851617995,0.0015785319652722,0.0011049723756906,0.6363636363636364,403.1363636363636,1.0,0.0011022314362086,2.745659037095501,0.999254540525888,0.5000000000000001,0.6357887172116421,0.6681818181818182,procedure
"frozenset({'Diagnosis_Spinal stenosis, lumbar region, without neurogenic claudication'})",frozenset({'Procedure_Other exploration and decompression of spinal canal'}),0.0011049723756906,0.0022099447513812,0.0009471191791633,0.8571428571428571,387.8571428571428,1.0,0.0009446772512612,6.984530386740329,0.9985250737463128,0.4000000000000001,0.8568264515108368,0.6428571428571428,procedure
frozenset({'Diagnosis_Occlusion and stenosis of carotid artery without mention of cerebral infarction'}),"frozenset({'Procedure_Endarterectomy, other vessels of head and neck'})",0.0023677979479084,0.0018942383583267,0.0017363851617995,0.7333333333333333,387.13888888888886,1.0,0.0017318999881018,3.7428966061562736,0.9997842347525892,0.6875,0.7328272444514734,0.825,procedure
frozenset({'Diagnosis_Closed fracture of intertrochanteric section of neck of femur'}),"frozenset({'Procedure_Open reduction of fracture with internal fixation, femur'})",0.0017363851617995,0.001420678768745,0.0009471191791633,0.5454545454545454,383.93939393939394,1.0,0.0009446523336296,2.1968745067087605,0.9991302972802024,0.4285714285714286,0.5448078636507343,0.6060606060606061,procedure
frozenset({'Diagnosis_Occlusion and stenosis of carotid artery without mention of cerebral infarction'}),"frozenset({'Procedure_Endarterectomy, other vessels of head and neck', 'Procedure_Procedure on single vessel'})",0.0023677979479084,0.0017363851617995,0.0015785319652722,0.6666666666666666,383.93939393939394,1.0,0.0015744205560494,2.994790844514601,0.999762658227848,0.6249999999999999,0.6660868648534682,0.7878787878787878,procedure
frozenset({'Diagnosis_Maternal care for low transverse scar from previous cesarean delivery'}),"frozenset({'Procedure_Extraction of Products of Conception, Low, Open Approach'})",0.0017363851617995,0.0026835043409629,0.0017363851617995,1.0,372.6470588235295,1.0,0.0017317255646802,inf,0.9990512333965844,0.6470588235294119,1.0,0.8235294117647058,procedure
frozenset({'Diagnosis_Malignant neoplasm of cecum'}),frozenset({'Procedure_Open and other right hemicolectomy'}),0.0007892659826361,0.0022099447513812,0.0006314127861089,0.7999999999999999,362.0,1.0,0.0006296685518931,4.988950276243092,0.9980252764612954,0.2666666666666666,0.7995570321151716,0.5428571428571428,procedure
frozenset({'Diagnosis_Intramural leiomyoma of uterus'}),frozenset({'Procedure_Other excision or destruction of lesion of uterus'}),0.0012628255722178,0.0017363851617995,0.0007892659826361,0.625,359.9431818181818,1.0,0.0007870732310506,2.6620363062352013,0.9984826932195352,0.3571428571428572,0.6243477229601518,0.5397727272727273,procedure
"frozenset({'Diagnosis_Bimalleolar fracture, closed'})","frozenset({'Procedure_Open reduction of fracture with internal fixation, tibia and fibula'})",0.0012628255722178,0.0031570639305445,0.0012628255722178,1.0,316.75,1.0,0.0012588387511532,inf,0.9981033665244192,0.4,1.0,0.7,procedure
frozenset({'Diagnosis_Second degree perineal laceration during delivery'}),"frozenset({'Procedure_Delivery of Products of Conception, External Approach', 'Procedure_Repair Perineum Muscle, Open Approach'})",0.0007892659826361,0.0031570639305445,0.0007892659826361,1.0,316.75,1.0,0.0007867742194707,inf,0.9976303317535544,0.25,1.0,0.625,procedure
frozenset({'Diagnosis_Second degree perineal laceration during delivery'}),"frozenset({'Procedure_Repair Perineum Muscle, Open Approach'})",0.0007892659826361,0.0031570639305445,0.0007892659826361,1.0,316.75,1.0,0.0007867742194707,inf,0.9976303317535544,0.25,1.0,0.625,procedure
frozenset({'Diagnosis_Lumbosacral spondylosis without myelopathy'}),"frozenset({'Procedure_Excision of intervertebral disc', 'Procedure_Insertion of interbody spinal fusion device'})",0.0012628255722178,0.0017363851617995,0.0006314127861089,0.5,287.95454545454544,1.0,0.0006292200345233,1.996527229676401,0.9977872609451556,0.2666666666666666,0.4991302972802024,0.4318181818181817,procedure
"frozenset({'Diagnosis_Calculus of gallbladder with acute cholecystitis, without mention of obstruction'})",frozenset({'Procedure_Laparoscopic cholecystectomy'}),0.0020520915548539,0.0029992107340173,0.0017363851617995,0.8461538461538461,282.1255060728745,1.0,0.001730230506781,6.480505130228887,0.9985045008771676,0.5238095238095238,0.8456910410678619,0.7125506072874495,procedure
"frozenset({'Diagnosis_Spinal stenosis, lumbar region with neurogenic claudication'})","frozenset({'Procedure_Release Lumbar Nerve, Open Approach'})",0.0022099447513812,0.0028413575374901,0.0017363851617995,0.7857142857142857,276.52777777777777,1.0,0.0017301059186227,4.6534069981583785,0.9985905567300916,0.5238095238095238,0.7851036884597119,0.6984126984126984,procedure
"frozenset({'Diagnosis_Trimalleolar fracture, closed'})","frozenset({'Procedure_Open reduction of fracture with internal fixation, tibia and fibula'})",0.0011049723756906,0.0031570639305445,0.0009471191791633,0.8571428571428571,271.5,1.0,0.0009436307107318,6.977900552486186,0.9974188790560472,0.2857142857142857,0.8566904196357877,0.5785714285714285,procedure
frozenset({'Diagnosis_Acquired spondylolisthesis'}),frozenset({'Procedure_Fusion or refusion of 2-3 vertebrae'}),0.0006314127861089,0.0037884767166535,0.0006314127861089,1.0,263.9583333333333,1.0,0.0006290206934701,inf,0.9968409413994628,0.1666666666666666,1.0,0.5833333333333334,procedure
frozenset({'Diagnosis_Displacement of cervical intervertebral disc without myelopathy'}),frozenset({'Procedure_Excision of intervertebral disc'}),0.0009471191791633,0.0037884767166535,0.0009471191791633,1.0,263.9583333333333,1.0,0.0009435310402052,inf,0.9971559488070786,0.25,1.0,0.625,procedure
frozenset({'Diagnosis_Closed fracture of upper end of tibia alone'}),"frozenset({'Procedure_Open reduction of fracture with internal fixation, tibia and fibula'})",0.0007892659826361,0.0031570639305445,0.0006314127861089,0.7999999999999999,253.4,1.0,0.0006289210229435,4.984214680347275,0.9968404423380728,0.1904761904761904,0.7993665874901028,0.4999999999999999,procedure
frozenset({'Diagnosis_Acute appendicitis without mention of peritonitis'}),frozenset({'Procedure_Laparoscopic appendectomy'}),0.0036306235201262,0.0044198895027624,0.0036306235201262,1.0,226.25,1.0,0.0036145765653411,inf,0.9992078580481624,0.8214285714285714,1.0,0.9107142857142856,procedure
"frozenset({'Diagnosis_Calculus of bile duct without mention of cholecystitis, without mention of obstruction'})",frozenset({'Procedure_Endoscopic removal of stone(s) from biliary tract'}),0.001420678768745,0.0029992107340173,0.0009471191791633,0.6666666666666667,222.280701754386,1.0,0.0009428582641505,2.9910023677979485,0.9969174834018336,0.2727272727272728,0.6656639223137008,0.4912280701754387,procedure
frozenset({'Diagnosis_Displacement of cervical intervertebral disc without myelopathy'}),frozenset({'Procedure_Fusion or refusion of 2-3 vertebrae'}),0.0009471191791633,0.0037884767166535,0.0007892659826361,0.8333333333333333,219.96527777777771,1.0,0.0007856778436779,5.977269139700076,0.9963975351556328,0.1999999999999999,0.8326995193577351,0.5208333333333333,procedure
"frozenset({'Diagnosis_Calculus of bile duct without mention of cholecystitis, with obstruction'})",frozenset({'Procedure_Endoscopic removal of stone(s) from biliary tract'}),0.0017363851617995,0.0029992107340173,0.0011049723756906,0.6363636363636364,212.17703349282297,1.0,0.0010997645906749,2.7417521704814525,0.9970181621035512,0.3043478260869566,0.635269733433128,0.5023923444976077,procedure
frozenset({'Diagnosis_Cervical spondylosis with myelopathy'}),frozenset({'Procedure_Insertion of interbody spinal fusion device'}),0.0009471191791633,0.0031570639305445,0.0006314127861089,0.6666666666666666,211.16666666666663,1.0,0.0006284226703104,2.990528808208366,0.9962079317427712,0.1818181818181818,0.6656109791501715,0.4333333333333333,procedure
frozenset({'Diagnosis_Sick sinus syndrome'}),"frozenset({'Procedure_Insertion of Pacemaker, Dual Chamber into Chest Subcutaneous Tissue and Fascia, Open Approach'})",0.0017363851617995,0.0031570639305445,0.0011049723756906,0.6363636363636364,201.5681818181818,1.0,0.0010994904967267,2.7413180741910024,0.9967696756121804,0.2916666666666667,0.6352119772547326,0.4931818181818181,procedure
frozenset({'Diagnosis_Sick sinus syndrome'}),"frozenset({'Procedure_Insertion of Pacemaker, Dual Chamber into Chest Subcutaneous Tissue and Fascia, Open Approach', 'Procedure_Insertion of Pacemaker Lead into Right Ventricle, Percutaneous Approach'})",0.0017363851617995,0.0031570639305445,0.0011049723756906,0.6363636363636364,201.5681818181818,1.0,0.0010994904967267,2.7413180741910024,0.9967696756121804,0.2916666666666667,0.6352119772547326,0.4931818181818181,procedure
frozenset({'Diagnosis_Lumbosacral spondylosis without myelopathy'}),frozenset({'Procedure_Insertion of interbody spinal fusion device'}),0.0012628255722178,0.0031570639305445,0.0007892659826361,0.625,197.96875,1.0,0.0007852791615715,2.658247829518548,0.9962067330488384,0.2173913043478261,0.623812351543943,0.4375,procedure
frozenset({'Diagnosis_Sick sinus syndrome'}),"frozenset({'Procedure_Insertion of Pacemaker Lead into Right Ventricle, Percutaneous Approach'})",0.0017363851617995,0.0033149171270718,0.0011049723756906,0.6363636363636364,191.96969696969697,1.0,0.0010992164027785,2.7408839779005527,0.9965211891208096,0.2800000000000001,0.6351542027816972,0.4848484848484848,procedure
"frozenset({'Diagnosis_Calculus of gallbladder with other cholecystitis, without mention of obstruction'})",frozenset({'Procedure_Laparoscopic cholecystectomy'}),0.0011049723756906,0.0029992107340173,0.0006314127861089,0.5714285714285714,190.52631578947367,1.0,0.0006280987410989,2.32633517495396,0.9958517699115044,0.1818181818181818,0.5701393286890437,0.3909774436090225,procedure
frozenset({'Diagnosis_Displacement of lumbar intervertebral disc without myelopathy'}),frozenset({'Procedure_Excision of intervertebral disc'}),0.0022099447513812,0.0037884767166535,0.0015785319652722,0.7142857142857142,188.54166666666663,1.0,0.0015701596410365,3.486740331491712,0.9968992248062016,0.3571428571428572,0.7131991760418316,0.5654761904761905,procedure
frozenset({'Diagnosis_Abdominal aneurysm without mention of rupture'}),frozenset({'Procedure_Arteriography of other intra-abdominal arteries'}),0.0012628255722178,0.0026835043409629,0.0006314127861089,0.5,186.32352941176472,1.0,0.0006280239882039,1.9946329913180745,0.9958906274695748,0.1904761904761905,0.4986546375435264,0.3676470588235294,procedure
frozenset({'Diagnosis_Cervical spondylosis with myelopathy'}),"frozenset({'Procedure_Excision of bone for graft, other bones'})",0.0009471191791633,0.0036306235201262,0.0006314127861089,0.6666666666666666,183.6231884057971,1.0,0.0006279741529406,2.9891081294396207,0.995496918944541,0.1599999999999999,0.665452049007182,0.4202898550724637,procedure
frozenset({'Diagnosis_Sick sinus syndrome'}),"frozenset({'Procedure_Insertion of Pacemaker Lead into Right Atrium, Percutaneous Approach', 'Procedure_Insertion of Pacemaker, Dual Chamber into Chest Subcutaneous Tissue and Fascia, Open Approach'})",0.0017363851617995,0.0029992107340173,0.0009471191791633,0.5454545454545454,181.866028708134,1.0,0.0009419113941477,2.193401736385162,0.9962312882142104,0.25,0.54408716679141,0.430622009569378,procedure
frozenset({'Diagnosis_Sick sinus syndrome'}),"frozenset({'Procedure_Insertion of Pacemaker Lead into Right Atrium, Percutaneous Approach', 'Procedure_Insertion of Pacemaker, Dual Chamber into Chest Subcutaneous Tissue and Fascia, Open Approach', 'Procedure_Insertion of Pacemaker Lead into Right Ventricle, Percutaneous Approach'})",0.0017363851617995,0.0029992107340173,0.0009471191791633,0.5454545454545454,181.866028708134,1.0,0.0009419113941477,2.193401736385162,0.9962312882142104,0.25,0.54408716679141,0.430622009569378,procedure
frozenset({'Diagnosis_Lumbosacral spondylosis without myelopathy'}),frozenset({'Procedure_Insertion of catheter into spinal canal for infusion of therapeutic or palliative substances'}),0.0012628255722178,0.0028413575374901,0.0006314127861089,0.5,175.97222222222223,1.0,0.0006278246471507,1.99431728492502,0.9955745218903116,0.1818181818181818,0.4985752730726611,0.3611111111111111,procedure
frozenset({'Diagnosis_Sick sinus syndrome'}),"frozenset({'Procedure_Insertion of Pacemaker Lead into Right Atrium, Percutaneous Approach'})",0.0017363851617995,0.0031570639305445,0.0009471191791633,0.5454545454545454,172.77272727272725,1.0,0.0009416373001995,2.1930544593528016,0.9959413873076112,0.24,0.5440149715684157,0.4227272727272727,procedure
frozenset({'Diagnosis_Sick sinus syndrome'}),"frozenset({'Procedure_Insertion of Pacemaker Lead into Right Atrium, Percutaneous Approach', 'Procedure_Insertion of Pacemaker Lead into Right Ventricle, Percutaneous Approach'})",0.0017363851617995,0.0031570639305445,0.0009471191791633,0.5454545454545454,172.77272727272725,1.0,0.0009416373001995,2.1930544593528016,0.9959413873076112,0.24,0.5440149715684157,0.4227272727272727,procedure
frozenset({'Diagnosis_Atherosclerosis of native arteries of the extremities with rest pain'}),"frozenset({'Procedure_Arteriography of femoral and other lower extremity arteries', 'Procedure_Aortography'})",0.0011049723756906,0.0033149171270718,0.0006314127861089,0.5714285714285714,172.38095238095238,1.0,0.0006277498942558,2.325598526703499,0.9952986725663716,0.1666666666666666,0.5700031675641432,0.3809523809523809,procedure
frozenset({'Diagnosis_Atherosclerosis of native arteries of the extremities with intermittent claudication'}),"frozenset({'Procedure_Arteriography of femoral and other lower extremity arteries', 'Procedure_Angioplasty of other non-coronary vessel(s)'})",0.0018942383583267,0.003472770323599,0.0011049723756906,0.5833333333333334,167.97348484848484,1.0,0.0010983941209339,2.3916653512233625,0.9959332143421974,0.2592592592592593,0.5818813031311052,0.4507575757575758,procedure
"frozenset({'Diagnosis_Preterm premature rupture of membranes, onset of labor within 24 hours of rupture, third trimester'})","frozenset({'Procedure_Delivery of Products of Conception, External Approach'})",0.0006314127861089,0.0061562746645619,0.0006314127861089,1.0,162.43589743589743,1.0,0.0006275256355709,inf,0.99447164744906,0.1025641025641025,1.0,0.5512820512820513,procedure
frozenset({'Diagnosis_Streptococcus B carrier state complicating childbirth'}),"frozenset({'Procedure_Delivery of Products of Conception, External Approach'})",0.0011049723756906,0.0061562746645619,0.0011049723756906,1.0,162.43589743589743,1.0,0.0010981698622491,inf,0.9949431099873576,0.1794871794871795,1.0,0.5897435897435898,procedure
frozenset({'Diagnosis_Second degree perineal laceration during delivery'}),"frozenset({'Procedure_Delivery of Products of Conception, External Approach'})",0.0007892659826361,0.0061562746645619,0.0007892659826361,1.0,162.43589743589743,1.0,0.0007844070444636,inf,0.9946287519747236,0.1282051282051282,1.0,0.5641025641025641,procedure
frozenset({'Diagnosis_Atherosclerosis of native arteries of the extremities with intermittent claudication'}),"frozenset({'Procedure_Angioplasty of other non-coronary vessel(s)', 'Procedure_Procedure on single vessel'})",0.0018942383583267,0.0033149171270718,0.0009471191791633,0.5,150.83333333333334,1.0,0.0009408399359866,1.9933701657458565,0.9952554167325638,0.2222222222222222,0.4983370288248336,0.3928571428571428,procedure
"frozenset({'Diagnosis_Premature rupture of membranes, delivered, with or without mention of antepartum condition'})","frozenset({'Procedure_Medical induction of labor', 'Procedure_Repair of other current obstetric laceration'})",0.0018942383583267,0.003472770323599,0.0009471191791633,0.5,143.97727272727272,1.0,0.0009405409244067,1.993054459352802,0.9949391111814012,0.2142857142857143,0.4982575637573261,0.3863636363636363,procedure
"frozenset({'Diagnosis_Osteoarthrosis, unspecified whether generalized or localized, lower leg'})",frozenset({'Procedure_Total knee replacement'}),0.0023677979479084,0.0071033938437253,0.0023677979479084,1.0,140.77777777777777,1.0,0.002350978546542,inf,0.995253164556962,0.3333333333333333,1.0,0.6666666666666667,procedure
"frozenset({'Diagnosis_Previous cesarean delivery, delivered, with or without mention of antepartum condition'})",frozenset({'Procedure_Low cervical cesarean section'}),0.0041041831097079,0.0066298342541436,0.0037884767166535,0.923076923076923,139.23076923076923,1.0,0.0037612666628874,12.913812154696124,0.996909177365668,0.5454545454545455,0.9225635321297168,0.7472527472527473,procedure
frozenset({'Diagnosis_Secondary malignant neoplasm of bone and bone marrow'}),frozenset({'Procedure_Other radiotherapeutic procedure'}),0.0022099447513812,0.0036306235201262,0.0011049723756906,0.5,137.7173913043478,1.0,0.001096948898298,1.9927387529597476,0.994937509887676,0.2333333333333333,0.4981780735107731,0.4021739130434782,procedure
frozenset({'Diagnosis_Atherosclerosis of native arteries of the extremities with intermittent claudication'}),frozenset({'Procedure_Insertion of non-drug-eluting peripheral (non-coronary) vessel stent(s)'}),0.0018942383583267,0.0036306235201262,0.0009471191791633,0.5,137.7173913043478,1.0,0.0009402419128269,1.9927387529597476,0.9946228056302387,0.2068965517241379,0.4981780735107731,0.3804347826086957,procedure
frozenset({'Diagnosis_Atherosclerosis of native arteries of the extremities with intermittent claudication'}),"frozenset({'Procedure_Angioplasty of other non-coronary vessel(s)', 'Procedure_Insertion of non-drug-eluting peripheral (non-coronary) vessel stent(s)'})",0.0018942383583267,0.0036306235201262,0.0009471191791633,0.5,137.7173913043478,1.0,0.0009402419128269,1.9927387529597476,0.9946228056302387,0.2068965517241379,0.4981780735107731,0.3804347826086957,procedure
"frozenset({'Diagnosis_Osteoarthrosis, localized, not specified whether primary or secondary, lower leg'})",frozenset({'Procedure_Total knee replacement'}),0.0048934490923441,0.0071033938437253,0.0047355958958168,0.9677419354838712,136.23655913978496,1.0,0.0047008357996597,30.779794790844647,0.9975412436548224,0.6521739130434784,0.9675111544181756,0.817204301075269,procedure
frozenset({'Diagnosis_Diverticulosis of large intestine without perforation or abscess with bleeding'}),"frozenset({'Procedure_Inspection of Lower Intestinal Tract, Via Natural or Artificial Opening Endoscopic'})",0.001420678768745,0.0048934490923441,0.0009471191791633,0.6666666666666667,136.23655913978496,1.0,0.0009401671599319,2.985319652722968,0.9940720834650648,0.1764705882352941,0.6650274957698816,0.4301075268817205,procedure
"frozenset({'Diagnosis_Maternal care for other known or suspected poor fetal growth, third trimester, not applicable or unspecified'})","frozenset({'Procedure_Delivery of Products of Conception, External Approach'})",0.0009471191791633,0.0061562746645619,0.0007892659826361,0.8333333333333333,135.36324786324786,1.0,0.0007834352568291,5.963062352012626,0.9935534839627114,0.125,0.8323009318085556,0.4807692307692307,procedure
frozenset({'Diagnosis_Atherosclerosis of native arteries of the extremities with intermittent claudication'}),frozenset({'Procedure_Angioplasty of other non-coronary vessel(s)'}),0.0018942383583267,0.0061562746645619,0.0015785319652722,0.8333333333333333,135.36324786324786,1.0,0.0015668705136582,5.963062352012626,0.994496283409774,0.2439024390243902,0.8323009318085556,0.5448717948717948,procedure
frozenset({'Diagnosis_Aortic valve disorders'}),"frozenset({'Procedure_Extracorporeal circulation auxiliary to open heart surgery', 'Procedure_Open and other replacement of aortic valve with tissue graft'})",0.0056827150749802,0.0037884767166535,0.0028413575374901,0.5,131.97916666666666,1.0,0.0028198287037411,1.992423046566693,0.99809493570408,0.4285714285714286,0.4980985580732055,0.625,procedure
frozenset({'Diagnosis_Aortic valve disorders'}),frozenset({'Procedure_Open and other replacement of aortic valve with tissue graft'}),0.0056827150749802,0.0037884767166535,0.0028413575374901,0.5,131.97916666666666,1.0,0.0028198287037411,1.992423046566693,0.99809493570408,0.4285714285714286,0.4980985580732055,0.625,procedure
frozenset({'Diagnosis_Lumbosacral spondylosis without myelopathy'}),frozenset({'Procedure_Excision of intervertebral disc'}),0.0012628255722178,0.0037884767166535,0.0006314127861089,0.5,131.97916666666666,1.0,0.0006266286008313,1.992423046566693,0.9936778884147308,0.1428571428571428,0.4980985580732055,0.3333333333333333,procedure
"frozenset({'Diagnosis_Full-term premature rupture of membranes, unspecified as to length of time between rupture and onset of labor'})","frozenset({'Procedure_Delivery of Products of Conception, External Approach'})",0.0007892659826361,0.0061562746645619,0.0006314127861089,0.7999999999999999,129.94871794871793,1.0,0.0006265538479364,4.969218626677189,0.993088467614534,0.0999999999999999,0.7987611181702667,0.4512820512820512,procedure
frozenset({'Diagnosis_Post-term pregnancy'}),"frozenset({'Procedure_Delivery of Products of Conception, External Approach'})",0.0023677979479084,0.0061562746645619,0.0018942383583267,0.7999999999999999,129.94871794871793,1.0,0.0018796615438092,4.969218626677189,0.9946598101265822,0.2857142857142857,0.7987611181702667,0.5538461538461539,procedure
frozenset({'Diagnosis_Unspecified viral meningitis'}),frozenset({'Procedure_Spinal tap'}),0.0007892659826361,0.0063141278610891,0.0006314127861089,0.7999999999999999,126.7,1.0,0.0006264292597781,4.968429360694552,0.9928909952606636,0.097560975609756,0.7987291501191421,0.4499999999999999,procedure
frozenset({'Diagnosis_Subarachnoid hemorrhage'}),frozenset({'Procedure_Arteriography of cerebral arteries'}),0.0012628255722178,0.0041041831097079,0.0006314127861089,0.5,121.82692307692308,1.0,0.0006262299187249,1.991791633780584,0.9930456772562036,0.1333333333333333,0.497939451577112,0.3269230769230769,procedure
frozenset({'Diagnosis_Acute gouty arthropathy'}),frozenset({'Procedure_Arthrocentesis'}),0.0012628255722178,0.0045777426992896,0.0006314127861089,0.5,109.22413793103448,1.0,0.0006256318955652,1.9908445146014209,0.9920973605184132,0.1212121212121212,0.4977006026006977,0.3189655172413793,procedure
frozenset({'Diagnosis_Atherosclerosis of native arteries of the extremities with ulceration'}),frozenset({'Procedure_Angioplasty of other non-coronary vessel(s)'}),0.0018942383583267,0.0061562746645619,0.0012628255722178,0.6666666666666666,108.29059829059828,1.0,0.0012511641206038,2.981531176006314,0.9926458959354736,0.1860465116279069,0.6646018636171114,0.4358974358974359,procedure
"frozenset({'Diagnosis_Transient hypertension of pregnancy, delivered , with or without mention of antepartum condition'})",frozenset({'Procedure_Medical induction of labor'}),0.0012628255722178,0.0058405682715074,0.0007892659826361,0.625,107.01013513513514,1.0,0.0007818903636666,2.6510918179426466,0.991907697170855,0.125,0.622796919657034,0.3800675675675675,procedure
frozenset({'Diagnosis_Atherosclerosis of native arteries of the extremities with rest pain'}),frozenset({'Procedure_Aortography'}),0.0011049723756906,0.0053670086819258,0.0006314127861089,0.5714285714285714,106.47058823529412,1.0,0.0006254823897752,2.3208103130755062,0.9917035398230089,0.1081081081081081,0.5691160133312172,0.3445378151260504,procedure
"frozenset({'Diagnosis_Calculus of bile duct without mention of cholecystitis, without mention of obstruction'})",frozenset({'Procedure_Endoscopic sphincterotomy and papillotomy'}),0.001420678768745,0.0066298342541436,0.0009471191791633,0.6666666666666667,100.55555555555556,1.0,0.0009377003143982,2.9801104972375696,0.9914638001896934,0.1333333333333333,0.6644419725621061,0.4047619047619047,procedure
"frozenset({'Diagnosis_Early onset of delivery, delivered, with or without mention of antepartum condition'})",frozenset({'Procedure_Low cervical cesarean section'}),0.0009471191791633,0.0066298342541436,0.0006314127861089,0.6666666666666666,100.55555555555554,1.0,0.0006251335429321,2.9801104972375687,0.990993837889082,0.0909090909090909,0.664441972562106,0.3809523809523809,procedure
"frozenset({'Diagnosis_Premature rupture of membranes, delivered, with or without mention of antepartum condition'})",frozenset({'Procedure_Medical induction of labor'}),0.0018942383583267,0.0058405682715074,0.0011049723756906,0.5833333333333334,99.87612612612614,1.0,0.0010939089472362,2.3859826361483822,0.991866428684395,0.1666666666666666,0.5808854662855933,0.3862612612612612,procedure
frozenset({'Diagnosis_Atherosclerosis of native arteries of the extremities with intermittent claudication'}),frozenset({'Procedure_Arteriography of femoral and other lower extremity arteries'}),0.0018942383583267,0.0063141278610891,0.0011049723756906,0.5833333333333334,92.38541666666669,1.0,0.0010930119124967,2.384846093133386,0.9910530715528344,0.1555555555555555,0.5806857294148796,0.3791666666666667,procedure
"frozenset({'Diagnosis_First-degree perineal laceration, delivered, with or without mention of antepartum condition'})",frozenset({'Procedure_Repair of other current obstetric laceration'}),0.0009471191791633,0.0108918705603788,0.0009471191791633,1.0,91.81159420289856,1.0,0.0009368032796586,inf,0.9900458208247748,0.0869565217391304,1.0,0.5434782608695652,procedure
"frozenset({'Diagnosis_Second-degree perineal laceration, delivered, with or without mention of antepartum condition'})",frozenset({'Procedure_Repair of other current obstetric laceration'}),0.0033149171270718,0.0108918705603788,0.0033149171270718,1.0,91.81159420289856,1.0,0.0032788114788053,inf,0.9923978460563828,0.3043478260869565,1.0,0.6521739130434783,procedure
frozenset({'Diagnosis_Atherosclerosis of native arteries of the extremities with rest pain'}),frozenset({'Procedure_Arteriography of femoral and other lower extremity arteries'}),0.0011049723756906,0.0063141278610891,0.0006314127861089,0.5714285714285714,90.5,1.0,0.0006244358492458,2.318600368324125,0.9900442477876104,0.0930232558139534,0.5687053216838761,0.3357142857142857,procedure
frozenset({'Diagnosis_Atherosclerosis of native arteries of the extremities with gangrene'}),frozenset({'Procedure_Arteriography of femoral and other lower extremity arteries'}),0.0020520915548539,0.0063141278610891,0.0011049723756906,0.5384615384615384,85.27884615384615,1.0,0.0010920152072305,2.152986056300973,0.9903059610430694,0.1521739130434782,0.5355288079672511,0.3567307692307692,procedure
frozenset({'Diagnosis_Atherosclerotic heart disease of native coronary artery without angina pectoris'}),"frozenset({'Procedure_Performance of Cardiac Output, Continuous', 'Procedure_Bypass Coronary Artery, One Artery from Left Internal Mammary, Open Approach'})",0.0037884767166535,0.0083662194159431,0.0026835043409629,0.7083333333333333,84.66588050314463,1.0,0.0026518091134991,3.399887247716765,0.9919468341923998,0.2833333333333332,0.7058725989599914,0.5145440251572326,procedure
frozenset({'Diagnosis_Atherosclerotic heart disease of native coronary artery without angina pectoris'}),"frozenset({'Procedure_Bypass Coronary Artery, One Artery from Left Internal Mammary, Open Approach'})",0.0037884767166535,0.0085240726124704,0.0026835043409629,0.7083333333333333,83.09799382716048,1.0,0.0026512110903394,3.3993460367572434,0.9917231351421888,0.2786885245901639,0.7058257708432839,0.511574074074074,procedure
"frozenset({'Diagnosis_Calculus of bile duct without mention of cholecystitis, with obstruction'})",frozenset({'Procedure_Endoscopic sphincterotomy and papillotomy'}),0.0017363851617995,0.0066298342541436,0.0009471191791633,0.5454545454545454,82.27272727272727,1.0,0.0009356072333392,2.185414364640884,0.9895635673624288,0.1276595744680851,0.5424208716755992,0.3441558441558441,procedure
"frozenset({'Diagnosis_Other complications due to other vascular device, implant, and graft'})",frozenset({'Procedure_Arteriography of femoral and other lower extremity arteries'}),0.0018942383583267,0.0063141278610891,0.0009471191791633,0.5,79.1875,1.0,0.0009351587159695,1.9873717442778216,0.9892456112604776,0.1304347826086956,0.4968228752978554,0.325,procedure
frozenset({'Diagnosis_Alcoholic cirrhosis of liver'}),frozenset({'Procedure_Percutaneous abdominal drainage'}),0.001420678768745,0.0097868981846882,0.0009471191791633,0.6666666666666667,68.11827956989248,1.0,0.0009332151407005,2.970639305445936,0.9867214669617452,0.0923076923076923,0.6633721239173177,0.3817204301075269,procedure
frozenset({'Diagnosis_Congenital insufficiency of aortic valve'}),"frozenset({'Procedure_Performance of Cardiac Output, Continuous'})",0.0011049723756906,0.0127861089187056,0.0009471191791633,0.8571428571428571,67.03703703703704,1.0,0.0009329908820156,6.910497237569059,0.9861725663716816,0.073170731707317,0.8552926127278542,0.4656084656084656,procedure
"frozenset({'Diagnosis_Post term pregnancy, delivered, with or without mention of antepartum condition'})",frozenset({'Procedure_Repair of other current obstetric laceration'}),0.0036306235201262,0.0108918705603788,0.0025256511444356,0.6956521739130435,63.86893509766856,1.0,0.0024861068630009,3.2499267110158976,0.987929737008872,0.2105263157894736,0.692300753549175,0.463768115942029,procedure
frozenset({'Diagnosis_Atherosclerotic heart disease of native coronary artery without angina pectoris'}),"frozenset({'Procedure_Performance of Cardiac Output, Continuous'})",0.0037884767166535,0.0127861089187056,0.0029992107340173,0.7916666666666666,61.916152263374485,1.0,0.0029507708580822,4.738626677190212,0.9875905895303938,0.2209302325581395,0.788968393561454,0.5131172839506173,procedure
frozenset({'Diagnosis_Occlusion and stenosis of carotid artery without mention of cerebral infarction'}),frozenset({'Procedure_Procedure on single vessel'}),0.0023677979479084,0.0156274664561957,0.0022099447513812,0.9333333333333332,59.72390572390573,1.0,0.0021729420683752,14.765588003157069,0.9855899638336346,0.14,0.9322749625828524,0.5373737373737374,procedure
frozenset({'Diagnosis_Mitral valve disorders'}),frozenset({'Procedure_Extracorporeal circulation auxiliary to open heart surgery'}),0.0012628255722178,0.01310181531176,0.0009471191791633,0.7500000000000001,57.24397590361447,1.0,0.0009305738717452,3.9475927387529617,0.9837732469311417,0.0705882352941176,0.7466810620601408,0.4111445783132531,procedure
"frozenset({'Diagnosis_Other current conditions classifiable elsewhere of mother, delivered, with or without mention of antepartum condition'})",frozenset({'Procedure_Repair of other current obstetric laceration'}),0.0015785319652722,0.0108918705603788,0.0009471191791633,0.6,55.08695652173913,1.0,0.0009299260133222,2.472770323599053,0.983399209486166,0.0821917808219178,0.5955952760932014,0.3434782608695652,procedure
"frozenset({'Diagnosis_Premature rupture of membranes, delivered, with or without mention of antepartum condition'})",frozenset({'Procedure_Repair of other current obstetric laceration'}),0.0018942383583267,0.0108918705603788,0.0011049723756906,0.5833333333333334,53.55676328502416,1.0,0.0010843405766812,2.373859510655091,0.9831906192810828,0.0945945945945946,0.5787450792637515,0.3423913043478261,procedure
frozenset({'Diagnosis_Aortic valve disorders'}),frozenset({'Procedure_Extracorporeal circulation auxiliary to open heart surgery'}),0.0056827150749802,0.01310181531176,0.0039463299131807,0.6944444444444445,53.00368139223561,1.0,0.0038718760297989,3.229848604434241,0.9867407525003968,0.2659574468085106,0.6903879647401722,0.4978246318607765,procedure
"frozenset({'Diagnosis_Infection and inflammatory reaction due to other vascular device, implant, and graft'})",frozenset({'Procedure_Hemodialysis'}),0.0015785319652722,0.0154696132596685,0.0012628255722178,0.7999999999999999,51.71428571428571,1.0,0.001238406293197,4.922651933701656,0.982213438735178,0.0799999999999999,0.7968574635241301,0.4408163265306122,procedure
frozenset({'Diagnosis_Sepsis due to Methicillin susceptible Staphylococcus aureus'}),"frozenset({'Procedure_Introduction of Nutritional Substance into Upper GI, Via Natural or Artificial Opening'})",0.0011049723756906,0.0142067876874506,0.0007892659826361,0.7142857142857142,50.27777777777777,1.0,0.0007735678746942,3.4502762430939216,0.9811946902654868,0.0543478260869565,0.710168134507606,0.3849206349206349,procedure
"frozenset({'Diagnosis_Other complications due to renal dialysis device, implant, and graft'})",frozenset({'Procedure_Hemodialysis'}),0.0020520915548539,0.0154696132596685,0.0015785319652722,0.7692307692307692,49.72527472527472,1.0,0.0015467869025452,4.266298342541435,0.9819044606137298,0.099009900990099,0.7656047656047655,0.4356357927786499,procedure
"frozenset({'Diagnosis_Hypertensive heart and chronic kidney disease with heart failure and with stage 5 chronic kidney disease, or end stage renal disease'})","frozenset({'Procedure_Performance of Urinary Filtration, Intermittent, Less than 6 Hours Per Day'})",0.0025256511444356,0.0102604577742699,0.0012628255722178,0.5,48.73076923076923,1.0,0.0012369112352978,1.97947908445146,0.9819591707548664,0.1095890410958904,0.4948165869218501,0.3115384615384615,procedure
"frozenset({'Diagnosis_Transient hypertension of pregnancy, delivered , with or without mention of antepartum condition'})",frozenset({'Procedure_Repair of other current obstetric laceration'}),0.0012628255722178,0.0108918705603788,0.0006314127861089,0.5,45.90579710144928,1.0,0.0006176582534359,1.9782162588792425,0.9794531373478742,0.0547945205479452,0.4944940951165018,0.2789855072463768,procedure
"frozenset({'Diagnosis_Abnormality in fetal heart rate or rhythm, delivered, with or without mention of antepartum condition'})",frozenset({'Procedure_Repair of other current obstetric laceration'}),0.0015785319652722,0.0108918705603788,0.0007892659826361,0.5,45.90579710144928,1.0,0.0007720728167949,1.9782162588792425,0.9797628458498024,0.0675675675675675,0.4944940951165018,0.286231884057971,procedure
"frozenset({'Diagnosis_Other complications due to other cardiac device, implant, and graft'})",frozenset({'Procedure_Left heart cardiac catheterization'}),0.0009471191791633,0.0146803472770323,0.0006314127861089,0.6666666666666666,45.41218637992832,1.0,0.000617508747646,2.9559589581689028,0.9789066203191658,0.0421052631578947,0.6617003097297874,0.3548387096774193,procedure
frozenset({'Diagnosis_Atherosclerotic heart disease of native coronary artery with other forms of angina pectoris'}),"frozenset({'Procedure_Performance of Cardiac Output, Continuous'})",0.001420678768745,0.0127861089187056,0.0007892659826361,0.5555555555555556,43.44993141289438,1.0,0.0007711010291604,2.2212312549329125,0.9783749604805564,0.0588235294117647,0.5497992395977686,0.308641975308642,procedure
"frozenset({'Diagnosis_Hypertensive chronic kidney disease, unspecified, with chronic kidney disease stage V or end stage renal disease'})",frozenset({'Procedure_Hemodialysis'}),0.0012628255722178,0.0154696132596685,0.0007892659826361,0.625,40.40178571428572,1.0,0.0007697305594195,2.625414364640884,0.9764817449027976,0.0495049504950494,0.619107744107744,0.3380102040816326,procedure
frozenset({'Diagnosis_Nonrheumatic mitral (valve) insufficiency'}),"frozenset({'Procedure_Performance of Cardiac Output, Continuous'})",0.0015785319652722,0.0127861089187056,0.0007892659826361,0.5,39.10493827160494,1.0,0.0007690827009965,1.9744277821625889,0.9759683794466404,0.0581395348837209,0.4935241445474895,0.2808641975308642,procedure
"frozenset({'Diagnosis_Subendocardial infarction, initial episode of care'})",frozenset({'Procedure_Left heart cardiac catheterization'}),0.0082083662194159,0.0146803472770323,0.0042620363062352,0.5192307692307693,35.36910669975186,1.0,0.0041415346395571,2.0494648776637727,0.9797690416821404,0.2288135593220339,0.5120677544179627,0.4047766749379653,procedure
frozenset({'Diagnosis_Atherosclerosis of native arteries of the extremities with intermittent claudication'}),frozenset({'Procedure_Procedure on single vessel'}),0.0018942383583267,0.0156274664561957,0.0009471191791633,0.5,31.9949494949495,1.0,0.0009175170327585,1.9687450670876083,0.9705835837418948,0.0571428571428571,0.4920622193713919,0.2803030303030303,procedure
frozenset({'Diagnosis_Encounter for antineoplastic immunotherapy'}),"frozenset({'Procedure_Venous catheterization, not elsewhere classified'})",0.0011049723756906,0.0277821625887924,0.0009471191791633,0.8571428571428571,30.852272727272727,1.0,0.0009164206569658,6.8055248618784505,0.9686578171091446,0.0338983050847457,0.8530605617795096,0.4456168831168831,procedure
"frozenset({'Diagnosis_Subendocardial infarction, initial episode of care'})",frozenset({'Procedure_Coronary arteriography using two catheters'}),0.0082083662194159,0.0219415943172849,0.0053670086819258,0.6538461538461537,29.799391256225785,1.0,0.0051869040403316,2.825502060861176,0.9744408347454848,0.2165605095541401,0.646080597904355,0.4492252351964582,procedure
frozenset({'Diagnosis_Methicillin susceptible Staphylococcus aureus septicemia'}),"frozenset({'Procedure_Venous catheterization, not elsewhere classified'})",0.0007892659826361,0.0277821625887924,0.0006314127861089,0.7999999999999999,28.795454545454543,1.0,0.0006094852702535,4.861089187056036,0.9660347551342812,0.0225988700564971,0.7942847864913135,0.4113636363636363,procedure
frozenset({'Diagnosis_Bloodstream infection due to central venous catheter'}),frozenset({'Procedure_Central venous catheter placement with guidance'}),0.0011049723756906,0.0200473559589581,0.0006314127861089,0.5714285714285714,28.50393700787401,1.0,0.0006092610115686,2.286556169429097,0.9659845132743362,0.0307692307692307,0.5626610824742267,0.3014623172103486,procedure
"frozenset({'Diagnosis_Acute myocardial infarction of unspecified site, initial episode of care'})",frozenset({'Procedure_Coronary arteriography using two catheters'}),0.0012628255722178,0.0219415943172849,0.0007892659826361,0.625,28.484712230215827,1.0,0.000761557576237,2.60815574848724,0.9661134819029557,0.0352112676056338,0.6165873143963848,0.3304856115107913,procedure
frozenset({'Diagnosis_Coronary atherosclerosis of native coronary artery'}),frozenset({'Procedure_Coronary arteriography using two catheters'}),0.015153906866614,0.0219415943172849,0.008997632202052,0.59375,27.060476618705035,1.0,0.0086651313252629,2.407528383218991,0.977864198884774,0.3202247191011236,0.5846362572627501,0.5019109712230216,procedure
frozenset({'Diagnosis_Sepsis due to Methicillin susceptible Staphylococcus aureus'}),"frozenset({'Procedure_Insertion of Infusion Device into Superior Vena Cava, Percutaneous Approach'})",0.0011049723756906,0.0219415943172849,0.0006314127861089,0.5714285714285714,26.043165467625897,1.0,0.0006071679305097,2.282136279926335,0.9626659292035398,0.028169014084507,0.5618140735958682,0.3001027749229188,procedure
frozenset({'Diagnosis_Streptococcal septicemia'}),"frozenset({'Procedure_Venous catheterization, not elsewhere classified'})",0.001420678768745,0.0277821625887924,0.0009471191791633,0.6666666666666667,23.996212121212125,1.0,0.0009076496506236,2.9166535122336232,0.9596901675624409,0.0335195530726257,0.657141310818856,0.3503787878787879,procedure
frozenset({'Diagnosis_Other and unspecified infection due to central venous catheter'}),"frozenset({'Procedure_Venous catheterization, not elsewhere classified'})",0.0011049723756906,0.0277821625887924,0.0006314127861089,0.5714285714285714,20.568181818181817,1.0,0.0006007142639113,2.2685082872928177,0.952433628318584,0.0223463687150838,0.559181685338529,0.297077922077922,procedure
